cancer,feature,p_discordant,p_concordant,enrichment_ratio,n_discordant,n_concordant
ALL,loc_Predicted_to_be_secreted,0.07500380343830823,0.025297619047619048,2.9648562300319488,6573,20160
ALL,loc_Actin_filaments,0.0243420051726761,0.013244047619047619,1.8379581433750942,6573,20160
ALL,loc_Midbody,0.003194888178913738,0.002380952380952381,1.3418530351437699,6573,20160
ALL,loc_Mitotic_spindle,0.008823976875095086,0.006944444444444444,1.2706526700136924,6573,20160
ALL,loc_Mitotic_chromosome,0.007150464019473604,0.005704365079365079,1.2535074315877206,6573,20160
ALL,loc_Plasma_membrane,0.1372280541609615,0.11116071428571428,1.2345013707652763,6573,20160
ALL,loc_Vesicles,0.14620416856838583,0.12276785714285714,1.1908994094297611,6573,20160
ALL,loc_Intermediate_filaments,0.006237638825498251,0.005357142857142857,1.1643592474263402,6573,20160
ALL,loc_Nuclear_membrane,0.018865054008823975,0.01755952380952381,1.0743488384686195,6573,20160
ALL,loc_Focal_adhesion_sites,0.009584664536741214,0.008928571428571428,1.073482428115016,6573,20160
ALL,loc_Annulus,0.0034991632435721893,0.0033234126984126983,1.0528825520957514,6573,20160
ALL,loc_Golgi_apparatus,0.08367564278107409,0.0798611111111111,1.0477645704760583,6573,20160
ALL,loc_Primary_cilium_transition_zone,0.004564125969876769,0.00441468253968254,1.0338514556484906,6573,20160
ALL,loc_Cell_Junctions,0.019930016735128557,0.019345238095238096,1.0302285573851069,6573,20160
ALL,loc_Cytoplasmic_bodies,0.004259850905218318,0.0042658730158730155,0.9985883052232709,6573,20160
ALL,loc_Nucleoli,0.06983112733911456,0.07098214285714285,0.983784435469287,6573,20160
ALL,loc_Centrosome,0.02327704244637152,0.023958333333333335,0.9715635108050721,6573,20160
ALL,loc_Perinuclear_theca,0.005629088696181348,0.005853174603174603,0.9617154925001353,6573,20160
ALL,loc_Basal_body,0.024189867640346873,0.0251984126984127,0.9599758496641594,6573,20160
ALL,loc_Nucleoli_rim,0.011714589989350373,0.012351190476190476,0.9484583702221026,6573,20160
ALL,loc_Primary_cilium,0.026624068157614485,0.028273809523809524,0.9416512527324702,6573,20160
ALL,loc_Primary_cilium_tip,0.007150464019473604,0.007886904761904762,0.9066248719030683,6573,20160
ALL,loc_Cytosol,0.32724783204016433,0.36750992063492066,0.890446253735958,6573,20160
ALL,loc_Microtubules,0.017495816217860945,0.020783730158730158,0.8418034724393239,6573,20160
ALL,loc_Endoplasmic_reticulum,0.05400882397687509,0.06498015873015874,0.8311586957051922,6573,20160
ALL,loc_Nucleoplasm,0.3112733911455956,0.38115079365079363,0.8166673042029161,6573,20160
ALL,loc_Nucleoli_fibrillar_center,0.014300928038947208,0.018799603174603174,0.7607037183777723,6573,20160
ALL,loc_Nuclear_bodies,0.024494142705005325,0.03273809523809524,0.7481847226256172,6573,20160
ALL,loc_Centriolar_satellite,0.008063289213448958,0.010912698412698412,0.7388905024687773,6573,20160
ALL,loc_Principal_piece,0.01810436634717785,0.02509920634920635,0.7213123034764929,6573,20160
ALL,loc_Flagellar_centriole,0.005933363760839799,0.008234126984126984,0.7205820085453635,6573,20160
ALL,loc_Cytokinetic_bridge,0.009280389472082764,0.013640873015873016,0.6803369154806855,6573,20160
ALL,loc_End_piece,0.008976114407424312,0.013740079365079365,0.6532796622876322,6573,20160
ALL,loc_Mid_piece,0.012323140118667275,0.019444444444444445,0.6337614918171741,6573,20160
ALL,loc_Mitochondria,0.06678837669253004,0.12916666666666668,0.517071303426039,6573,20160
ALL,loc_Nuclear_speckles,0.016126578426897915,0.03754960317460317,0.42947400407696434,6573,20160
ALL,loc_Connecting_piece,0.0030427506465845124,0.007738095238095238,0.393217006635537,6573,20160
ALL,loc_Calyx,0.00243420051726761,0.006944444444444444,0.35052487448653585,6573,20160
ALL,loc_Acrosome,0.001977787920279933,0.006299603174603175,0.31395436592790116,6573,20160
ALL,loc_Equatorial_segment,0.001217100258633805,0.005704365079365079,0.21336296707876096,6573,20160
BRCA,loc_Predicted_to_be_secreted,0.08928571428571429,0.02372322899505766,3.763640873015873,784,3035
BRCA,loc_Actin_filaments,0.026785714285714284,0.013838550247116969,1.9355867346938773,784,3035
BRCA,loc_Midbody,0.003826530612244898,0.0026359143327841844,1.4516900510204083,784,3035
BRCA,loc_Focal_adhesion_sites,0.011479591836734694,0.008237232289950576,1.3936224489795919,784,3035
BRCA,loc_Mitotic_chromosome,0.007653061224489796,0.005930807248764415,1.290391156462585,784,3035
BRCA,loc_Primary_cilium,0.03443877551020408,0.026688632619439868,1.290391156462585,784,3035
BRCA,loc_Vesicles,0.15306122448979592,0.12026359143327842,1.2727145652781662,784,3035
BRCA,loc_Plasma_membrane,0.1377551020408163,0.11334431630971993,1.2153684148077835,784,3035
BRCA,loc_Cytoplasmic_bodies,0.00510204081632653,0.0042833607907743,1.1911302982731553,784,3035
BRCA,loc_Perinuclear_theca,0.006377551020408163,0.005601317957166392,1.1385804321728692,784,3035
BRCA,loc_Basal_body,0.029336734693877552,0.026029654036243823,1.127050503745802,784,3035
BRCA,loc_Nucleoli_rim,0.01403061224489796,0.012520593080724876,1.1206028464017186,784,3035
BRCA,loc_Intermediate_filaments,0.006377551020408163,0.005930807248764415,1.0753259637188208,784,3035
BRCA,loc_Microtubules,0.02040816326530612,0.019769357495881382,1.032312925170068,784,3035
BRCA,loc_Primary_cilium_tip,0.007653061224489796,0.007578253706754531,1.0098713398402839,784,3035
BRCA,loc_Cell_Junctions,0.017857142857142856,0.017792421746293245,1.003637566137566,784,3035
BRCA,loc_Nucleoli,0.07015306122448979,0.071499176276771,0.9811729991535784,784,3035
BRCA,loc_Primary_cilium_transition_zone,0.003826530612244898,0.003953871499176277,0.9677933673469387,784,3035
BRCA,loc_Golgi_apparatus,0.08035714285714286,0.08336079077429984,0.9639680971202711,784,3035
BRCA,loc_Nuclear_membrane,0.017857142857142856,0.019110378912685338,0.9344211822660098,784,3035
BRCA,loc_Mitotic_spindle,0.006377551020408163,0.007248764415156508,0.8798121521335807,784,3035
BRCA,loc_Endoplasmic_reticulum,0.05357142857142857,0.06326194398682043,0.8468191964285713,784,3035
BRCA,loc_Cytosol,0.3112244897959184,0.3766062602965404,0.8263922366847002,784,3035
BRCA,loc_End_piece,0.011479591836734694,0.014497528830313015,0.7918309369202227,784,3035
BRCA,loc_Nucleoplasm,0.29336734693877553,0.399670510708402,0.7340229991419487,784,3035
BRCA,loc_Cytokinetic_bridge,0.008928571428571428,0.012850082372322899,0.6948260073260073,784,3035
BRCA,loc_Principal_piece,0.017857142857142856,0.026029654036243823,0.6860307414104881,784,3035
BRCA,loc_Mid_piece,0.012755102040816327,0.019769357495881382,0.6451955782312926,784,3035
BRCA,loc_Centrosome,0.017857142857142856,0.027677100494233938,0.6451955782312925,784,3035
BRCA,loc_Nucleoli_fibrillar_center,0.011479591836734694,0.018451400329489293,0.6221528790087464,784,3035
BRCA,loc_Nuclear_bodies,0.02040816326530612,0.034925864909390446,0.5843280708509818,784,3035
BRCA,loc_Flagellar_centriole,0.003826530612244898,0.008237232289950576,0.4645408163265306,784,3035
BRCA,loc_Centriolar_satellite,0.00510204081632653,0.01186161449752883,0.4301303854875283,784,3035
BRCA,loc_Acrosome,0.002551020408163265,0.006260296540362438,0.4074919441460795,784,3035
BRCA,loc_Mitochondria,0.05102040816326531,0.1258649093904448,0.405358478469922,784,3035
BRCA,loc_Nuclear_speckles,0.015306122448979591,0.040527182866556835,0.37767546042807365,784,3035
BRCA,loc_Connecting_piece,0.002551020408163265,0.0085667215815486,0.2977825745682888,784,3035
BRCA,loc_Calyx,0.0012755102040816326,0.007907742998352554,0.16129889455782312,784,3035
BRCA,loc_Annulus,0.0,0.004612850082372323,0.0,784,3035
BRCA,loc_Equatorial_segment,0.0,0.005601317957166392,0.0,784,3035
COAD,loc_Predicted_to_be_secreted,0.09516616314199396,0.021539436173582515,4.418229074106984,662,3157
COAD,loc_Actin_filaments,0.02416918429003021,0.013303769401330377,1.8167170191339375,662,3157
COAD,loc_Intermediate_filaments,0.0075528700906344415,0.005068102629078239,1.4902756797583083,662,3157
COAD,loc_Cytoplasmic_bodies,0.006042296072507553,0.004117833386126069,1.4673483616081804,662,3157
COAD,loc_Vesicles,0.1555891238670695,0.12100095026924296,1.2858504294459119,662,3157
COAD,loc_Golgi_apparatus,0.09365558912386707,0.07317073170731707,1.2799597180261832,662,3157
COAD,loc_Plasma_membrane,0.13746223564954682,0.1162496040544821,1.1824748717864286,662,3157
COAD,loc_Nuclear_membrane,0.019637462235649546,0.017104846373139058,1.148064227369363,662,3157
COAD,loc_Centrosome,0.02416918429003021,0.022489705416534684,1.0746776732904983,662,3157
COAD,loc_Focal_adhesion_sites,0.00906344410876133,0.009185936015204309,0.9866652776330868,662,3157
COAD,loc_Mitotic_spindle,0.006042296072507553,0.006968641114982578,0.8670694864048338,662,3157
COAD,loc_Cytosol,0.31419939577039274,0.3623693379790941,0.8670694864048337,662,3157
COAD,loc_Nucleoplasm,0.32628398791540786,0.37884067152359835,0.8612696905091494,662,3157
COAD,loc_Mitotic_chromosome,0.006042296072507553,0.007285397529299968,0.8293708130828845,662,3157
COAD,loc_Perinuclear_theca,0.004531722054380665,0.005701615457713019,0.7948136958710977,662,3157
COAD,loc_Annulus,0.0030211480362537764,0.003801076971808679,0.7948136958710977,662,3157
COAD,loc_Cell_Junctions,0.01812688821752266,0.023439974659486856,0.7733322446313383,662,3157
COAD,loc_Nucleoli_fibrillar_center,0.015105740181268883,0.019955654101995565,0.7569654246391407,662,3157
COAD,loc_Endoplasmic_reticulum,0.04833836858006042,0.06493506493506493,0.7444108761329306,662,3157
COAD,loc_Primary_cilium,0.019637462235649546,0.026924295216978145,0.729358450328772,662,3157
COAD,loc_Nucleoli,0.055891238670694864,0.07665505226480836,0.7291266135677013,662,3157
COAD,loc_Nuclear_bodies,0.022658610271903322,0.03325942350332594,0.6812688821752266,662,3157
COAD,loc_Primary_cilium_transition_zone,0.0030211480362537764,0.004434589800443459,0.6812688821752266,662,3157
COAD,loc_Centriolar_satellite,0.0075528700906344415,0.011086474501108648,0.6812688821752265,662,3157
COAD,loc_Microtubules,0.013595166163141994,0.020589166930630346,0.660306762723681,662,3157
COAD,loc_Basal_body,0.015105740181268883,0.024073487488121634,0.6274844967403403,662,3157
COAD,loc_Nucleoli_rim,0.00906344410876133,0.014570795058599937,0.6220281098121635,662,3157
COAD,loc_Mid_piece,0.010574018126888218,0.017104846373139058,0.6181884301219648,662,3157
COAD,loc_Calyx,0.0030211480362537764,0.0063351282863477985,0.4768882175226586,662,3157
COAD,loc_Nuclear_speckles,0.015105740181268883,0.03642698764649984,0.4146854065414423,662,3157
COAD,loc_Mitochondria,0.052870090634441085,0.1289198606271777,0.410100432759043,662,3157
COAD,loc_Principal_piece,0.00906344410876133,0.023123218245169466,0.3919629185117742,662,3157
COAD,loc_Flagellar_centriole,0.0030211480362537764,0.007918910357934749,0.3815105740181268,662,3157
COAD,loc_Connecting_piece,0.0030211480362537764,0.007918910357934749,0.3815105740181268,662,3157
COAD,loc_Cytokinetic_bridge,0.004531722054380665,0.012987012987012988,0.3489425981873112,662,3157
COAD,loc_End_piece,0.0030211480362537764,0.012036743744060817,0.2509937986961361,662,3157
COAD,loc_Acrosome,0.0015105740181268882,0.0063351282863477985,0.2384441087613293,662,3157
COAD,loc_Primary_cilium_tip,0.0015105740181268882,0.007918910357934749,0.1907552870090634,662,3157
COAD,loc_Midbody,0.0,0.003801076971808679,0.0,662,3157
COAD,loc_Equatorial_segment,0.0,0.005068102629078239,0.0,662,3157
GBM,loc_Predicted_to_be_secreted,0.05405405405405406,0.023622047244094488,2.2882882882882885,1406,2413
GBM,loc_Intermediate_filaments,0.007112375533428165,0.004144218814753419,1.7162162162162162,1406,2413
GBM,loc_Annulus,0.004267425320056899,0.002900953170327393,1.4710424710424712,1406,2413
GBM,loc_Nuclear_membrane,0.020625889046941678,0.016576875259013676,1.2442567567567566,1406,2413
GBM,loc_Plasma_membrane,0.13513513513513514,0.10982179859096561,1.2304946455889851,1406,2413
GBM,loc_Golgi_apparatus,0.08961593172119488,0.0741815167840862,1.2080628114147667,1406,2413
GBM,loc_Vesicles,0.14011379800853485,0.11603812681309573,1.2074806949806949,1406,2413
GBM,loc_Cell_Junctions,0.01991465149359886,0.016576875259013676,1.2013513513513514,1406,2413
GBM,loc_Actin_filaments,0.019203413940256046,0.016162453377538334,1.1881496881496882,1406,2413
GBM,loc_Midbody,0.0021337126600284497,0.0020721094073767096,1.0297297297297299,1406,2413
GBM,loc_Mitotic_spindle,0.00995732574679943,0.009946125155408206,1.0011261261261262,1406,2413
GBM,loc_Centriolar_satellite,0.010668563300142247,0.01077496891835889,0.99012474012474,1406,2413
GBM,loc_Mitotic_chromosome,0.005689900426742532,0.005801906340654786,0.9806949806949807,1406,2413
GBM,loc_Endoplasmic_reticulum,0.05903271692745377,0.0613344384583506,0.9624726077428781,1406,2413
GBM,loc_Centrosome,0.023470839260312945,0.025279734769995857,0.9284448382809039,1406,2413
GBM,loc_Cytosol,0.3399715504978663,0.37339411520928306,0.9104898461169272,1406,2413
GBM,loc_Nucleoli,0.06543385490753911,0.07335267302113552,0.8920445869598411,1406,2413
GBM,loc_Flagellar_centriole,0.007823613086770981,0.009117281392457521,0.8581081081081081,1406,2413
GBM,loc_Basal_body,0.025604551920341393,0.0306672192291753,0.8349159970781592,1406,2413
GBM,loc_Primary_cilium_tip,0.009246088193456615,0.01118939079983423,0.8263263263263264,1406,2413
GBM,loc_Primary_cilium_transition_zone,0.004267425320056899,0.005387484459179445,0.7920997920997921,1406,2413
GBM,loc_Microtubules,0.019203413940256046,0.024450891007045172,0.7853870819972515,1406,2413
GBM,loc_Cytoplasmic_bodies,0.0035561877667140826,0.0045586406962287605,0.7800982800982802,1406,2413
GBM,loc_Primary_cilium,0.02702702702702703,0.035225859925404064,0.7672496025437202,1406,2413
GBM,loc_Cytokinetic_bridge,0.013513513513513514,0.017820140903439703,0.7583280955373979,1406,2413
GBM,loc_Nucleoli_rim,0.00995732574679943,0.01326150020721094,0.7508445945945946,1406,2413
GBM,loc_Nuclear_bodies,0.02418207681365576,0.03232490675507667,0.7480942480942481,1406,2413
GBM,loc_Principal_piece,0.021337126600284494,0.029009531703273934,0.7355212355212355,1406,2413
GBM,loc_Mitochondria,0.0903271692745377,0.1255698300870286,0.7193381500312194,1406,2413
GBM,loc_Nucleoplasm,0.29445234708392604,0.41027766266058846,0.7176904176904177,1406,2413
GBM,loc_Nucleoli_fibrillar_center,0.014935988620199146,0.021135515955242438,0.7066772655007949,1406,2413
GBM,loc_Focal_adhesion_sites,0.007823613086770981,0.01118939079983423,0.6991991991991993,1406,2413
GBM,loc_Perinuclear_theca,0.004267425320056899,0.00663075010360547,0.6435810810810811,1406,2413
GBM,loc_Mid_piece,0.013513513513513514,0.021135515955242438,0.6393746687864335,1406,2413
GBM,loc_End_piece,0.011379800853485065,0.017820140903439703,0.6385920804525456,1406,2413
GBM,loc_Connecting_piece,0.002844950213371266,0.0074595938665561546,0.3813813813813814,1406,2413
GBM,loc_Nuclear_speckles,0.012802275960170697,0.04309987567343556,0.297037422037422,1406,2413
GBM,loc_Calyx,0.0021337126600284497,0.008288437629506838,0.25743243243243247,1406,2413
GBM,loc_Acrosome,0.001422475106685633,0.007874015748031496,0.1806543385490754,1406,2413
GBM,loc_Equatorial_segment,0.0007112375533428165,0.007045171985080812,0.10095389507154214,1406,2413
LIHC,loc_Midbody,0.005474452554744526,0.0011017260374586854,4.968978102189781,1096,2723
LIHC,loc_Mitotic_spindle,0.01551094890510949,0.0044069041498347415,3.5196928223844277,1096,2723
LIHC,loc_Predicted_to_be_secreted,0.07116788321167883,0.028277634961439587,2.5167551426675514,1096,2723
LIHC,loc_Primary_cilium_tip,0.010036496350364963,0.0044069041498347415,2.2774482968369827,1096,2723
LIHC,loc_Actin_filaments,0.021897810218978103,0.010282776349614395,2.129562043795621,1096,2723
LIHC,loc_Mitotic_chromosome,0.010036496350364963,0.004774146162320969,2.1022599663110615,1096,2723
LIHC,loc_Primary_cilium,0.032846715328467155,0.021667278736687477,1.515959421007052,1096,2723
LIHC,loc_Basal_body,0.028284671532846715,0.01872934263679765,1.5101796192929728,1096,2723
LIHC,loc_Annulus,0.0036496350364963502,0.002570694087403599,1.4197080291970803,1096,2723
LIHC,loc_Centrosome,0.028284671532846715,0.02056555269922879,1.3753421532846717,1096,2723
LIHC,loc_Plasma_membrane,0.1259124087591241,0.09511568123393316,1.3237818110080886,1096,2723
LIHC,loc_Nuclear_bodies,0.032846715328467155,0.02570694087403599,1.2777372262773723,1096,2723
LIHC,loc_Nuclear_membrane,0.020985401459854013,0.01652589056188028,1.2698499594484995,1096,2723
LIHC,loc_Cytokinetic_bridge,0.013686131386861315,0.011017260374586852,1.2422445255474455,1096,2723
LIHC,loc_Primary_cilium_transition_zone,0.004562043795620438,0.003672420124862284,1.2422445255474452,1096,2723
LIHC,loc_Vesicles,0.14416058394160583,0.12486228424531766,1.1545566766852726,1096,2723
LIHC,loc_Focal_adhesion_sites,0.008211678832116789,0.007344840249724568,1.1180200729927008,1096,2723
LIHC,loc_Flagellar_centriole,0.008211678832116789,0.007344840249724568,1.1180200729927008,1096,2723
LIHC,loc_Nucleoli,0.07481751824817519,0.0697759823723834,1.0722531694199002,1096,2723
LIHC,loc_Microtubules,0.020072992700729927,0.01872934263679765,1.0717403749821097,1096,2723
LIHC,loc_Golgi_apparatus,0.08302919708029197,0.07969151670951156,1.0418825052978573,1096,2723
LIHC,loc_Cytoplasmic_bodies,0.0036496350364963502,0.003672420124862284,0.9937956204379562,1096,2723
LIHC,loc_Nucleoli_fibrillar_center,0.016423357664233577,0.01652589056188028,0.9937956204379562,1096,2723
LIHC,loc_Nucleoplasm,0.33667883211678834,0.3444730077120823,0.9773736245778407,1096,2723
LIHC,loc_Cytosol,0.3375912408759124,0.34704370179948585,0.9727629088942958,1096,2723
LIHC,loc_Perinuclear_theca,0.005474452554744526,0.0058758721997796545,0.931683394160584,1096,2723
LIHC,loc_Principal_piece,0.020985401459854013,0.02313624678663239,0.9070356853203568,1096,2723
LIHC,loc_Nucleoli_rim,0.010948905109489052,0.012486228424531766,0.8768784886217261,1096,2723
LIHC,loc_Cell_Junctions,0.014598540145985401,0.017627616599338966,0.8281630170316301,1096,2723
LIHC,loc_Centriolar_satellite,0.0072992700729927005,0.008813808299669483,0.8281630170316301,1096,2723
LIHC,loc_Nuclear_speckles,0.025547445255474453,0.032317297098788104,0.7905192435301923,1096,2723
LIHC,loc_Endoplasmic_reticulum,0.05474452554744526,0.0697759823723834,0.7845754898194391,1096,2723
LIHC,loc_End_piece,0.009124087591240875,0.011751744399559309,0.7764028284671532,1096,2723
LIHC,loc_Intermediate_filaments,0.0036496350364963502,0.004774146162320969,0.7644581695676587,1096,2723
LIHC,loc_Mid_piece,0.014598540145985401,0.019463826661770108,0.7500344305192121,1096,2723
LIHC,loc_Acrosome,0.002737226277372263,0.005141388174807198,0.5323905109489052,1096,2723
LIHC,loc_Mitochondria,0.06478102189781022,0.15534337128167464,0.4170182568031613,1096,2723
LIHC,loc_Equatorial_segment,0.0018248175182481751,0.0058758721997796545,0.3105611313868613,1096,2723
LIHC,loc_Calyx,0.0009124087591240876,0.00697759823723834,0.13076258163657317,1096,2723
LIHC,loc_Connecting_piece,0.0009124087591240876,0.008079324274697026,0.11293132050431319,1096,2723
PAAD,loc_Predicted_to_be_secreted,0.10062240663900415,0.030122591943957968,3.340429894818103,964,2855
PAAD,loc_Actin_filaments,0.025933609958506226,0.01436077057793345,1.8058647910130556,964,2855
PAAD,loc_Perinuclear_theca,0.007261410788381743,0.004903677758318739,1.4808091286307055,964,2855
PAAD,loc_Mitotic_chromosome,0.006224066390041493,0.004203152364273205,1.4808091286307052,964,2855
PAAD,loc_Plasma_membrane,0.15767634854771784,0.12189141856392294,1.293580388229122,964,2855
PAAD,loc_Midbody,0.0031120331950207467,0.0024518388791593695,1.2692649673977474,964,2855
PAAD,loc_Vesicles,0.15352697095435686,0.12469352014010508,1.2312345563895752,964,2855
PAAD,loc_Cell_Junctions,0.023858921161825725,0.019614711033274956,1.216378927089508,964,2855
PAAD,loc_Annulus,0.004149377593360996,0.0035026269702276708,1.1846473029045643,964,2855
PAAD,loc_Nucleoli,0.07365145228215768,0.06619964973730298,1.1125655887066674,964,2855
PAAD,loc_Primary_cilium_transition_zone,0.004149377593360996,0.003852889667250438,1.076952093549604,964,2855
PAAD,loc_Centrosome,0.022821576763485476,0.02136602451838879,1.0681246173729677,964,2855
PAAD,loc_Golgi_apparatus,0.08402489626556017,0.07985989492119089,1.0521538545533962,964,2855
PAAD,loc_Flagellar_centriole,0.008298755186721992,0.008056042031523642,1.0301280894822298,964,2855
PAAD,loc_Nucleoli_rim,0.011410788381742738,0.011208406304728547,1.0180562759336098,964,2855
PAAD,loc_Mitotic_spindle,0.007261410788381743,0.007705779334500876,0.9423330818559034,964,2855
PAAD,loc_Cytoplasmic_bodies,0.004149377593360996,0.004553415061295972,0.9112671560804342,964,2855
PAAD,loc_Primary_cilium,0.024896265560165973,0.0287215411558669,0.8668150996862666,964,2855
PAAD,loc_Cytosol,0.32053941908713696,0.3751313485113835,0.8544724943919477,964,2855
PAAD,loc_Basal_body,0.02074688796680498,0.024518388791593695,0.8461766449318316,964,2855
PAAD,loc_Endoplasmic_reticulum,0.054979253112033194,0.07005253940455342,0.7848288381742738,964,2855
PAAD,loc_Nucleoplasm,0.29149377593361,0.37478108581436076,0.7777707759723893,964,2855
PAAD,loc_Primary_cilium_tip,0.006224066390041493,0.008056042031523642,0.7725960671116724,964,2855
PAAD,loc_Microtubules,0.015560165975103735,0.020315236427320492,0.7659357561882959,964,2855
PAAD,loc_Focal_adhesion_sites,0.008298755186721992,0.011208406304728547,0.7404045643153526,964,2855
PAAD,loc_Nuclear_membrane,0.013485477178423237,0.018914185639229423,0.7129821730444137,964,2855
PAAD,loc_Principal_piece,0.017634854771784232,0.025218914185639228,0.6992709774089443,964,2855
PAAD,loc_End_piece,0.00933609958506224,0.013660245183887917,0.6834503670603255,964,2855
PAAD,loc_Intermediate_filaments,0.004149377593360996,0.006654991243432574,0.6234985804760865,964,2855
PAAD,loc_Centriolar_satellite,0.007261410788381743,0.012259194395796848,0.5923236514522822,964,2855
PAAD,loc_Nucleoli_fibrillar_center,0.01037344398340249,0.018914185639229423,0.5484478254187797,964,2855
PAAD,loc_Nuclear_bodies,0.01867219917012448,0.034325744308231175,0.5439707003133203,964,2855
PAAD,loc_Calyx,0.0031120331950207467,0.005954465849387041,0.5226385159873077,964,2855
PAAD,loc_Cytokinetic_bridge,0.007261410788381743,0.014711033274956218,0.4936030428769018,964,2855
PAAD,loc_Mitochondria,0.058091286307053944,0.12014010507880911,0.4835295113896181,964,2855
PAAD,loc_Acrosome,0.002074688796680498,0.005604203152364273,0.3702022821576763,964,2855
PAAD,loc_Connecting_piece,0.0031120331950207467,0.00840630472854641,0.3702022821576763,964,2855
PAAD,loc_Mid_piece,0.007261410788381743,0.02066549912434326,0.35137843730220125,964,2855
PAAD,loc_Nuclear_speckles,0.012448132780082987,0.037478108581436076,0.33214410361810215,964,2855
PAAD,loc_Equatorial_segment,0.0,0.005253940455341506,0.0,964,2855
PRAD,loc_Predicted_to_be_secreted,0.0638063806380638,0.02336769759450172,2.730537759658319,909,2910
PRAD,loc_Intermediate_filaments,0.0121012101210121,0.004810996563573883,2.515322960867515,909,2910
PRAD,loc_Actin_filaments,0.028602860286028604,0.013058419243986255,2.1903769324300852,909,2910
PRAD,loc_Midbody,0.0033003300330033004,0.001718213058419244,1.920792079207921,909,2910
PRAD,loc_Focal_adhesion_sites,0.013201320132013201,0.007903780068728522,1.6702539819199311,909,2910
PRAD,loc_Nucleoli_rim,0.0176017601760176,0.01134020618556701,1.5521552155215521,909,2910
PRAD,loc_Annulus,0.0033003300330033004,0.0024054982817869417,1.3719943422913718,909,2910
PRAD,loc_Mitotic_chromosome,0.007700770077007701,0.006185567010309278,1.244957829116245,909,2910
PRAD,loc_Cytoplasmic_bodies,0.0044004400440044,0.003780068728522337,1.164116411641164,909,2910
PRAD,loc_Nuclear_membrane,0.019801980198019802,0.01752577319587629,1.129877693651718,909,2910
PRAD,loc_Nucleoli,0.0748074807480748,0.06804123711340206,1.0994432776610996,909,2910
PRAD,loc_Plasma_membrane,0.11551155115511551,0.10756013745704468,1.073925283902192,909,2910
PRAD,loc_Vesicles,0.13091309130913092,0.1281786941580756,1.0213326962723084,909,2910
PRAD,loc_Primary_cilium_tip,0.006600660066006601,0.006529209621993127,1.0109431995831162,909,2910
PRAD,loc_Primary_cilium_transition_zone,0.0044004400440044,0.004467353951890034,0.985021579080985,909,2910
PRAD,loc_Connecting_piece,0.006600660066006601,0.006872852233676976,0.9603960396039605,909,2910
PRAD,loc_Mitotic_spindle,0.006600660066006601,0.006872852233676976,0.9603960396039605,909,2910
PRAD,loc_Mid_piece,0.0165016501650165,0.01752577319587629,0.941564744709765,909,2910
PRAD,loc_Centrosome,0.0242024202420242,0.02577319587628866,0.9390539053905391,909,2910
PRAD,loc_Perinuclear_theca,0.005500550055005501,0.006185567010309278,0.8892555922258893,909,2910
PRAD,loc_Cytosol,0.32453245324532454,0.36666666666666664,0.8850885088508852,909,2910
PRAD,loc_Nucleoli_fibrillar_center,0.0165016501650165,0.018900343642611683,0.873087308730873,909,2910
PRAD,loc_Nucleoplasm,0.32673267326732675,0.37938144329896906,0.8612247094274645,909,2910
PRAD,loc_Endoplasmic_reticulum,0.052805280528052806,0.06323024054982818,0.8351269909599656,909,2910
PRAD,loc_Cell_Junctions,0.0165016501650165,0.01993127147766323,0.8279276203482417,909,2910
PRAD,loc_Nuclear_bodies,0.026402640264026403,0.03264604810996564,0.8087545596664929,909,2910
PRAD,loc_Primary_cilium,0.022002200220022004,0.0288659793814433,0.7622190790507622,909,2910
PRAD,loc_Principal_piece,0.0187018701870187,0.024742268041237112,0.7558672533920059,909,2910
PRAD,loc_Golgi_apparatus,0.066006600660066,0.0879725085910653,0.7503094059405939,909,2910
PRAD,loc_Basal_body,0.019801980198019802,0.026460481099656357,0.7483605503407483,909,2910
PRAD,loc_Microtubules,0.015401540154015401,0.020618556701030927,0.746974697469747,909,2910
PRAD,loc_End_piece,0.0088008800880088,0.013058419243986255,0.6739621330554108,909,2910
PRAD,loc_Equatorial_segment,0.0033003300330033004,0.005498281786941581,0.6002475247524752,909,2910
PRAD,loc_Centriolar_satellite,0.006600660066006601,0.01168384879725086,0.564938846825859,909,2910
PRAD,loc_Nuclear_speckles,0.019801980198019802,0.035395189003436425,0.5594540036527925,909,2910
PRAD,loc_Cytokinetic_bridge,0.006600660066006601,0.012371134020618556,0.5335533553355336,909,2910
PRAD,loc_Mitochondria,0.06490649064906491,0.13058419243986255,0.4970470731283655,909,2910
PRAD,loc_Acrosome,0.0033003300330033004,0.006872852233676976,0.48019801980198024,909,2910
PRAD,loc_Calyx,0.0033003300330033004,0.007216494845360825,0.45733144743045734,909,2910
PRAD,loc_Flagellar_centriole,0.0033003300330033004,0.009278350515463918,0.3557022368903557,909,2910
THCA,loc_Predicted_to_be_secreted,0.0678191489361702,0.026736224323443105,2.5366015827711466,752,3067
THCA,loc_Actin_filaments,0.027925531914893616,0.012063906097163351,2.3148001725129386,752,3067
THCA,loc_Annulus,0.005319148936170213,0.0032605151613955006,1.6313829787234042,752,3067
THCA,loc_Cell_Junctions,0.030585106382978722,0.019563090968373,1.5634086879432625,752,3067
THCA,loc_Midbody,0.003989361702127659,0.0026084121291164004,1.5294215425531914,752,3067
THCA,loc_Primary_cilium_transition_zone,0.007978723404255319,0.005216824258232801,1.5294215425531914,752,3067
THCA,loc_Plasma_membrane,0.15691489361702127,0.11248777306814477,1.394950662966389,752,3067
THCA,loc_Focal_adhesion_sites,0.010638297872340425,0.0078252363873492,1.3594858156028369,752,3067
THCA,loc_Vesicles,0.15425531914893617,0.12357352461688947,1.248287767360916,752,3067
THCA,loc_Mitotic_chromosome,0.006648936170212766,0.005542875774372351,1.199546307884856,752,3067
THCA,loc_Mitotic_spindle,0.006648936170212766,0.0058689272905119005,1.1329048463356974,752,3067
THCA,loc_Golgi_apparatus,0.08909574468085106,0.08020867297032931,1.110799385919391,752,3067
THCA,loc_Nuclear_membrane,0.018617021276595744,0.016954678839256603,1.0980462356792144,752,3067
THCA,loc_Centriolar_satellite,0.010638297872340425,0.0097815454841865,1.0875886524822695,752,3067
THCA,loc_Perinuclear_theca,0.006648936170212766,0.006194978806651451,1.0732782754759238,752,3067
THCA,loc_Basal_body,0.027925531914893616,0.026410172807303553,1.0573778565799843,752,3067
THCA,loc_Nucleoli,0.07180851063829788,0.07107923051842191,1.0102601015030257,752,3067
THCA,loc_Cytosol,0.32845744680851063,0.37104662536680794,0.8852187955726732,752,3067
THCA,loc_Nucleoli_rim,0.009308510638297872,0.011085751548744702,0.8396824155193992,752,3067
THCA,loc_Nucleoplasm,0.3178191489361702,0.3824584284316922,0.830990050969509,752,3067
THCA,loc_Nucleoli_fibrillar_center,0.014627659574468085,0.01793283338767525,0.8156914893617022,752,3067
THCA,loc_Cytoplasmic_bodies,0.003989361702127659,0.00489077274209325,0.8156914893617021,752,3067
THCA,loc_Centrosome,0.0199468085106383,0.024453863710466255,0.8156914893617021,752,3067
THCA,loc_Endoplasmic_reticulum,0.04920212765957447,0.062275839582654056,0.7900676729419629,752,3067
THCA,loc_Microtubules,0.015957446808510637,0.021519400065210303,0.7415377176015473,752,3067
THCA,loc_Primary_cilium,0.022606382978723406,0.030648842517117705,0.7375933680398371,752,3067
THCA,loc_Nuclear_bodies,0.023936170212765957,0.035213563743071406,0.6797429078014184,752,3067
THCA,loc_Calyx,0.003989361702127659,0.006194978806651451,0.6439669652855543,752,3067
THCA,loc_Principal_piece,0.015957446808510637,0.025105966742745355,0.6356037579441834,752,3067
THCA,loc_Mitochondria,0.0678191489361702,0.11933485490707532,0.5683096442274154,752,3067
THCA,loc_Primary_cilium_tip,0.005319148936170213,0.0097815454841865,0.5437943262411348,752,3067
THCA,loc_Flagellar_centriole,0.003989361702127659,0.0078252363873492,0.5098071808510638,752,3067
THCA,loc_End_piece,0.006648936170212766,0.014020215194000651,0.47423923800098966,752,3067
THCA,loc_Equatorial_segment,0.0026595744680851063,0.0058689272905119005,0.453161938534279,752,3067
THCA,loc_Intermediate_filaments,0.0026595744680851063,0.0058689272905119005,0.453161938534279,752,3067
THCA,loc_Mid_piece,0.009308510638297872,0.020867297032931203,0.4460812832446808,752,3067
THCA,loc_Connecting_piece,0.0026595744680851063,0.006847081838930551,0.3884245187436676,752,3067
THCA,loc_Cytokinetic_bridge,0.005319148936170213,0.014346266710140202,0.3707688588007737,752,3067
THCA,loc_Nuclear_speckles,0.010638297872340425,0.03814802738832736,0.27886888525186393,752,3067
THCA,loc_Acrosome,0.0,0.006194978806651451,0.0,752,3067
